{"stats":{"minecraft:crafted":{"minecraft:oak_planks":4,"minecraft:stick":4,"minecraft:stone_pickaxe":1},"minecraft:picked_up":{"minecraft:stick":1,"biomesoplenty:waterlily":3,"minecraft:leather":2,"biomesoplenty:huge_lily_pad":4,"minecraft:oak_log":1,"minecraft:lily_pad":12,"minecraft:dirt":1,"minecraft:wheat_seeds":7,"minecraft:beef":1,"minecraft:moss_block":1,"biomesoplenty:orange_cosmos":2,"minecraft:cobblestone":16},"minecraft:killed":{"minecraft:cow":1},"minecraft:custom":{"minecraft:time_since_rest":16921,"minecraft:sprint_one_cm":30770,"minecraft:walk_one_cm":16450,"minecraft:damage_taken":505,"minecraft:mob_kills":1,"minecraft:damage_dealt":213,"minecraft:swim_one_cm":10647,"minecraft:interact_with_crafting_table":3,"minecraft:fly_one_cm":93750,"minecraft:crouch_one_cm":847,"minecraft:play_time":25025,"minecraft:deaths":1,"minecraft:sneak_time":577,"minecraft:walk_under_water_one_cm":3366,"minecraft:jump":415,"minecraft:leave_game":2,"minecraft:time_since_death":16885,"minecraft:walk_on_water_one_cm":4566,"minecraft:total_world_time":25025,"minecraft:climb_one_cm":293,"minecraft:fall_one_cm":14038},"minecraft:used":{"minecraft:stone_pickaxe":15},"minecraft:mined":{"biomesoplenty:huge_lily_pad":3,"biomesoplenty:orange_cosmos":1,"biomesoplenty:waterlily":1,"minecraft:short_grass":27,"minecraft:grass_block":1,"minecraft:oak_log":1,"minecraft:dead_bush":3,"minecraft:tall_grass":10,"minecraft:stone":12,"minecraft:lily_pad":7,"minecraft:moss_block":1,"minecraft:oak_leaves":4,"minecraft:fern":2}},"DataVersion":3700}