{"stats":{"minecraft:crafted":{"minecraft:acacia_planks":28,"minecraft:crafting_table":1,"minecraft:stick":4,"minecraft:stone_pickaxe":1,"minecraft:wooden_pickaxe":1},"minecraft:dropped":{"minecraft:cobblestone":4},"minecraft:picked_up":{"biomesoplenty:waterlily":1,"minecraft:acacia_log":7,"minecraft:oak_log":1,"minecraft:coal":9,"minecraft:dirt":6,"biomesoplenty:orange_cosmos":1,"minecraft:cobblestone":42},"minecraft:killed":{"minecraft:zombie":1},"minecraft:custom":{"minecraft:time_since_rest":7634,"minecraft:walk_one_cm":28277,"minecraft:crouch_one_cm":93,"minecraft:sprint_one_cm":32970,"minecraft:play_time":26174,"minecraft:damage_taken":600,"minecraft:deaths":1,"minecraft:sneak_time":621,"minecraft:walk_under_water_one_cm":3313,"minecraft:mob_kills":1,"minecraft:drop":1,"minecraft:jump":373,"minecraft:damage_dealt":190,"minecraft:leave_game":1,"minecraft:walk_on_water_one_cm":5520,"minecraft:time_since_death":7597,"minecraft:total_world_time":26174,"minecraft:interact_with_crafting_table":3,"minecraft:swim_one_cm":10768,"minecraft:fall_one_cm":12234,"minecraft:fly_one_cm":294166},"minecraft:used":{"minecraft:crafting_table":1,"minecraft:stone_pickaxe":37,"minecraft:wooden_pickaxe":25},"minecraft:mined":{"minecraft:coal_ore":9,"minecraft:grass_block":4,"minecraft:acacia_log":7,"minecraft:oak_log":1,"minecraft:dirt":2,"minecraft:stone":42,"minecraft:oak_leaves":4,"biomesoplenty:waterlily":1}},"DataVersion":3700}