{"stats":{"minecraft:killed":{"hordes:zombie_player":1,"minecraft:zombie_villager":1,"minecraft:skeleton":1,"minecraft:zombie":1,"minecraft:chicken":1},"minecraft:picked_up":{"minecraft:crafting_table":6,"minecraft:feather":2,"minecraft:chicken":1,"minecraft:andesite":43,"minecraft:wooden_pickaxe":2,"minecraft:shield":2,"minecraft:lapis_lazuli":31,"minecraft:dirt":70,"minecraft:wooden_sword":2,"minecraft:leather_boots":2,"minecraft:bow":2,"minecraft:spruce_planks":2,"minecraft:stone_pickaxe":2,"minecraft:furnace":1,"minecraft:raw_iron":23,"minecraft:stick":7,"minecraft:torch":17,"pointblank:gunmetal_nugget":6,"minecraft:spruce_sapling":2,"tombstone:grave_dust":1,"minecraft:diorite":32,"minecraft:spruce_log":33,"alexsmobs:animal_dictionary":2,"minecraft:stone_sword":2,"minecraft:arrow":6,"minecraft:rotten_flesh":1,"minecraft:slime_ball":2,"minecraft:granite":24,"minecraft:bread":15,"minecraft:coal":55,"minecraft:snowball":38,"minecraft:cobblestone":352},"minecraft:crafted":{"minecraft:wooden_sword":1,"minecraft:crafting_table":2,"minecraft:spruce_planks":84,"minecraft:wooden_pickaxe":2,"minecraft:cooked_chicken":1,"minecraft:furnace":2,"minecraft:stone_axe":1,"minecraft:air":0,"minecraft:stick":16,"minecraft:iron_ingot":7,"minecraft:iron_pickaxe":1,"minecraft:stone_pickaxe":1,"minecraft:wooden_axe":1,"minecraft:torch":20},"minecraft:custom":{"minecraft:interact_with_furnace":8,"minecraft:mob_kills":6,"minecraft:interact_with_crafting_table":9,"minecraft:damage_dealt_resisted":15,"minecraft:leave_game":1,"minecraft:time_since_death":7430,"minecraft:time_since_rest":7036,"minecraft:sprint_one_cm":55242,"minecraft:damage_taken":1959,"minecraft:walk_one_cm":95529,"minecraft:damage_blocked_by_shield":180,"minecraft:drop":2,"minecraft:damage_dealt":1080,"minecraft:swim_one_cm":11426,"minecraft:fly_one_cm":81065,"minecraft:crouch_one_cm":231,"tombstone:undead_killed":2,"minecraft:play_time":32677,"minecraft:deaths":5,"minecraft:sneak_time":216,"minecraft:walk_under_water_one_cm":7632,"minecraft:jump":405,"minecraft:walk_on_water_one_cm":9056,"minecraft:total_world_time":32677,"minecraft:fall_one_cm":7566},"minecraft:used":{"minecraft:diorite":2,"minecraft:stone_sword":8,"minecraft:stone_pickaxe":111,"minecraft:shield":9,"minecraft:spruce_planks":16,"minecraft:wooden_pickaxe":3,"minecraft:leather_boots":1,"minecraft:cooked_chicken":1,"minecraft:torch":24,"minecraft:crafting_table":5,"minecraft:spruce_log":1,"minecraft:wooden_axe":7,"minecraft:bread":17,"minecraft:iron_pickaxe":149,"minecraft:spruce_sapling":1,"minecraft:stone_axe":4,"minecraft:wooden_sword":26,"minecraft:cobblestone":21,"minecraft:furnace":2,"minecraft:andesite":2,"tombstone:gift":2,"alexsmobs:animal_dictionary":1},"minecraft:killed_by":{"hordes:zombie_player":2},"minecraft:dropped":{"minecraft:wooden_sword":1,"minecraft:wooden_pickaxe":1},"minecraft:mined":{"minecraft:crafting_table":4,"minecraft:cobblestone":7,"minecraft:spruce_leaves":5,"minecraft:lapis_ore":5,"minecraft:diorite":2,"minecraft:wall_torch":5,"minecraft:furnace":1,"minecraft:iron_ore":7,"minecraft:spruce_log":29,"minecraft:andesite":13,"minecraft:coal_ore":39,"minecraft:stone":185}},"DataVersion":3465}