{"stats":{"minecraft:crafted":{"minecraft:crafting_table":1,"minecraft:spruce_planks":56,"minecraft:stick":8,"minecraft:iron_ingot":7,"minecraft:wooden_pickaxe":1,"minecraft:iron_pickaxe":1,"minecraft:stone_pickaxe":1,"minecraft:furnace":1,"minecraft:torch":20,"minecraft:stone_axe":1,"minecraft:air":0},"minecraft:mined":{"minecraft:furnace":1,"minecraft:iron_ore":7,"minecraft:spruce_log":17,"minecraft:andesite":13,"minecraft:crafting_table":3,"minecraft:coal_ore":22,"minecraft:cobblestone":7,"minecraft:spruce_leaves":4,"minecraft:lapis_ore":5,"minecraft:stone":179,"minecraft:diorite":2,"minecraft:wall_torch":5},"minecraft:custom":{"minecraft:time_since_rest":2207,"minecraft:interact_with_furnace":4,"minecraft:sprint_one_cm":47163,"minecraft:damage_taken":1480,"minecraft:walk_one_cm":79144,"minecraft:damage_blocked_by_shield":180,"minecraft:mob_kills":3,"minecraft:damage_dealt":616,"minecraft:interact_with_crafting_table":7,"minecraft:swim_one_cm":11426,"minecraft:fly_one_cm":67469,"minecraft:crouch_one_cm":231,"minecraft:play_time":24325,"minecraft:deaths":4,"minecraft:sneak_time":208,"minecraft:walk_under_water_one_cm":7632,"minecraft:damage_dealt_resisted":15,"minecraft:jump":330,"minecraft:leave_game":1,"minecraft:time_since_death":2160,"minecraft:walk_on_water_one_cm":9056,"minecraft:total_world_time":24325,"minecraft:fall_one_cm":5207},"minecraft:used":{"minecraft:diorite":2,"minecraft:bread":11,"minecraft:stone_pickaxe":88,"minecraft:iron_pickaxe":149,"minecraft:leather_boots":1,"minecraft:shield":9,"minecraft:wooden_pickaxe":3,"minecraft:spruce_sapling":1,"minecraft:stone_axe":4,"minecraft:torch":24,"minecraft:wooden_sword":20,"minecraft:cobblestone":21,"minecraft:crafting_table":3,"minecraft:furnace":1,"alexsmobs:animal_dictionary":1,"minecraft:spruce_log":1},"minecraft:killed_by":{"hordes:zombie_player":2},"minecraft:killed":{"minecraft:skeleton":1,"minecraft:zombie":1},"minecraft:picked_up":{"minecraft:crafting_table":4,"minecraft:stick":6,"minecraft:raw_iron":15,"minecraft:andesite":28,"minecraft:torch":17,"minecraft:wooden_pickaxe":1,"pointblank:gunmetal_nugget":3,"minecraft:dirt":35,"minecraft:shield":1,"minecraft:spruce_sapling":2,"minecraft:diorite":17,"minecraft:spruce_log":19,"alexsmobs:animal_dictionary":1,"minecraft:lapis_lazuli":31,"minecraft:wooden_sword":1,"minecraft:leather_boots":1,"minecraft:stone_sword":1,"minecraft:arrow":4,"minecraft:slime_ball":1,"minecraft:bow":1,"minecraft:spruce_planks":1,"minecraft:stone_pickaxe":1,"minecraft:granite":12,"minecraft:bread":9,"minecraft:coal":38,"minecraft:snowball":19,"minecraft:cobblestone":265,"minecraft:furnace":1}},"DataVersion":3465}