{"stats":{"minecraft:picked_up":{"minecraft:spruce_log":1},"minecraft:custom":{"minecraft:jump":7,"minecraft:time_since_rest":1503,"minecraft:leave_game":1,"minecraft:sprint_one_cm":2806,"minecraft:play_time":1503,"minecraft:damage_taken":20,"minecraft:time_since_death":1503,"minecraft:walk_one_cm":798,"minecraft:total_world_time":1503,"minecraft:fall_one_cm":693,"minecraft:fly_one_cm":2037},"minecraft:used":{"minecraft:spruce_log":1},"minecraft:mined":{"minecraft:spruce_log":1}},"DataVersion":3465}