{"stats":{"minecraft:dropped":{"minecraft:wooden_sword":1,"minecraft:wooden_pickaxe":1},"minecraft:custom":{"minecraft:interact_with_furnace":20,"minecraft:mob_kills":15,"minecraft:interact_with_crafting_table":12,"minecraft:damage_dealt_resisted":15,"minecraft:leave_game":2,"minecraft:time_since_death":18583,"minecraft:time_since_rest":17773,"minecraft:sprint_one_cm":91540,"minecraft:damage_taken":2539,"minecraft:walk_one_cm":138560,"minecraft:damage_blocked_by_shield":300,"minecraft:drop":2,"minecraft:damage_dealt":2146,"minecraft:swim_one_cm":11426,"minecraft:fly_one_cm":116918,"minecraft:open_chest":14,"minecraft:crouch_one_cm":2511,"minecraft:play_time":54564,"tombstone:undead_killed":4,"minecraft:deaths":6,"minecraft:sneak_time":1316,"minecraft:walk_under_water_one_cm":8179,"minecraft:jump":685,"minecraft:walk_on_water_one_cm":12827,"minecraft:total_world_time":54564,"minecraft:fall_one_cm":15025},"minecraft:mined":{"minecraft:crafting_table":5,"minecraft:cobblestone":7,"minecraft:spruce_leaves":5,"minecraft:lapis_ore":5,"minecraft:diorite":2,"minecraft:wall_torch":5,"minecraft:furnace":3,"minecraft:iron_ore":7,"minecraft:spruce_log":29,"minecraft:andesite":14,"minecraft:coal_ore":61,"minecraft:stone":234},"minecraft:killed_by":{"hordes:zombie_player":2},"minecraft:used":{"minecraft:diorite":2,"minecraft:stone_sword":39,"minecraft:stone_pickaxe":184,"minecraft:chest":1,"minecraft:spruce_planks":16,"minecraft:wooden_pickaxe":4,"minecraft:shield":13,"minecraft:leather_boots":1,"minecraft:cooked_chicken":1,"minecraft:torch":24,"minecraft:crafting_table":5,"minecraft:granite":2,"minecraft:snowball":3,"minecraft:spruce_log":1,"minecraft:milk_bucket":2,"minecraft:wooden_axe":8,"minecraft:bread":17,"minecraft:iron_pickaxe":149,"minecraft:spruce_sapling":1,"minecraft:stone_axe":4,"minecraft:wooden_sword":26,"minecraft:cobblestone":35,"minecraft:cooked_porkchop":3,"minecraft:furnace":4,"minecraft:porkchop":1,"minecraft:andesite":3,"tombstone:gift":2,"alexsmobs:animal_dictionary":1,"minecraft:cooked_beef":5},"minecraft:crafted":{"minecraft:cooked_beef":5,"minecraft:wooden_sword":1,"minecraft:cooked_porkchop":3,"minecraft:crafting_table":2,"minecraft:spruce_planks":84,"minecraft:wooden_pickaxe":2,"minecraft:cooked_chicken":1,"minecraft:furnace":2,"minecraft:bucket":2,"minecraft:stone_axe":1,"minecraft:air":0,"minecraft:stick":16,"minecraft:iron_ingot":15,"minecraft:iron_pickaxe":1,"minecraft:stone_pickaxe":1,"minecraft:wooden_axe":1,"minecraft:chest":1,"minecraft:torch":36},"minecraft:killed":{"minecraft:pig":3,"hordes:zombie_player":1,"minecraft:zombie_villager":1,"minecraft:creeper":1,"minecraft:skeleton":2,"minecraft:zombie":2,"minecraft:chicken":2,"minecraft:cow":2},"minecraft:picked_up":{"minecraft:crafting_table":7,"minecraft:feather":3,"minecraft:chicken":2,"minecraft:andesite":44,"minecraft:leather":2,"minecraft:wooden_pickaxe":2,"minecraft:shield":2,"minecraft:lapis_lazuli":31,"minecraft:dirt":70,"minecraft:wooden_sword":2,"minecraft:leather_boots":2,"minecraft:bow":3,"minecraft:spruce_planks":2,"minecraft:beef":5,"minecraft:stone_pickaxe":2,"minecraft:egg":3,"minecraft:furnace":3,"minecraft:stick":7,"minecraft:raw_iron":23,"minecraft:torch":17,"minecraft:porkchop":8,"pointblank:gunmetal_nugget":6,"minecraft:spruce_sapling":2,"tombstone:grave_dust":1,"minecraft:diorite":32,"minecraft:spruce_log":33,"minecraft:spider_eye":1,"alexsmobs:animal_dictionary":2,"minecraft:stone_sword":2,"minecraft:arrow":6,"minecraft:rotten_flesh":3,"minecraft:slime_ball":2,"minecraft:granite":24,"minecraft:bread":15,"minecraft:coal":124,"minecraft:snowball":38,"minecraft:cobblestone":402}},"DataVersion":3465}