{"stats":{"minecraft:killed":{"minecraft:skeleton":3},"minecraft:picked_up":{"minecraft:crafting_table":2,"minecraft:raw_iron":8,"minecraft:andesite":16,"pointblank:gunmetal_nugget":3,"minecraft:diorite":15,"minecraft:spruce_log":9,"minecraft:dirt":35,"minecraft:arrow":2,"minecraft:bow":1,"minecraft:wheat_seeds":1,"minecraft:granite":12,"minecraft:snowball":38,"minecraft:cobblestone":90},"minecraft:crafted":{"minecraft:crafting_table":1,"minecraft:spruce_planks":24,"minecraft:stick":8,"minecraft:wooden_pickaxe":1,"minecraft:stone_pickaxe":2,"minecraft:stone_sword":1},"minecraft:custom":{"minecraft:time_since_rest":1009,"minecraft:interact_with_furnace":1,"minecraft:sprint_one_cm":31794,"minecraft:damage_taken":660,"minecraft:walk_one_cm":36810,"minecraft:damage_blocked_by_shield":95,"minecraft:mob_kills":3,"minecraft:damage_dealt":525,"minecraft:swim_one_cm":6138,"minecraft:interact_with_crafting_table":8,"minecraft:fly_one_cm":128613,"minecraft:crouch_one_cm":798,"minecraft:play_time":32103,"minecraft:deaths":3,"minecraft:sneak_time":596,"minecraft:walk_under_water_one_cm":6369,"minecraft:jump":372,"minecraft:leave_game":12,"minecraft:time_since_death":0,"minecraft:walk_on_water_one_cm":3279,"minecraft:total_world_time":32103,"minecraft:fall_one_cm":8717},"minecraft:used":{"minecraft:stone_sword":12,"minecraft:stone_pickaxe":131,"minecraft:wooden_pickaxe":11,"minecraft:shield":3,"minecraft:crafting_table":2,"minecraft:andesite":1,"tombstone:gift":2,"alexsmobs:animal_dictionary":1,"minecraft:snowball":6},"minecraft:broken":{"minecraft:stone_pickaxe":1},"minecraft:killed_by":{"minecraft:zombie":2},"minecraft:mined":{"minecraft:large_fern":2,"minecraft:iron_ore":8,"minecraft:spruce_log":9,"minecraft:andesite":16,"minecraft:crafting_table":2,"minecraft:granite":12,"minecraft:grass_block":2,"minecraft:dirt":6,"minecraft:spruce_leaves":1,"minecraft:stone":88,"minecraft:diorite":15,"minecraft:fern":2}},"DataVersion":3465}