{"stats":{"minecraft:crafted":{"minecraft:crafting_table":1,"minecraft:spruce_planks":12,"minecraft:stick":8,"minecraft:wooden_pickaxe":1,"minecraft:stone_pickaxe":2,"minecraft:stone_sword":1},"minecraft:mined":{"minecraft:large_fern":2,"minecraft:iron_ore":8,"minecraft:spruce_log":5,"minecraft:andesite":16,"minecraft:crafting_table":2,"minecraft:granite":12,"minecraft:dirt":6,"minecraft:spruce_leaves":1,"minecraft:stone":88,"minecraft:diorite":15},"minecraft:broken":{"minecraft:stone_pickaxe":1},"minecraft:custom":{"minecraft:time_since_rest":3196,"minecraft:interact_with_furnace":1,"minecraft:sprint_one_cm":26436,"minecraft:damage_taken":410,"minecraft:walk_one_cm":26298,"minecraft:damage_blocked_by_shield":95,"minecraft:mob_kills":3,"minecraft:damage_dealt":420,"minecraft:swim_one_cm":6138,"minecraft:interact_with_crafting_table":8,"minecraft:fly_one_cm":39633,"minecraft:crouch_one_cm":656,"minecraft:play_time":19537,"minecraft:deaths":1,"minecraft:sneak_time":324,"minecraft:walk_under_water_one_cm":6369,"minecraft:jump":294,"minecraft:leave_game":7,"minecraft:walk_on_water_one_cm":3279,"minecraft:time_since_death":3163,"minecraft:total_world_time":19537,"minecraft:fall_one_cm":6778},"minecraft:used":{"minecraft:stone_sword":12,"minecraft:stone_pickaxe":131,"minecraft:wooden_pickaxe":11,"minecraft:shield":3,"minecraft:crafting_table":2,"minecraft:andesite":1,"alexsmobs:animal_dictionary":1,"minecraft:snowball":4},"minecraft:killed_by":{"minecraft:zombie":1},"minecraft:killed":{"minecraft:skeleton":3},"minecraft:picked_up":{"minecraft:crafting_table":2,"minecraft:raw_iron":8,"minecraft:andesite":16,"pointblank:gunmetal_nugget":3,"minecraft:diorite":15,"minecraft:spruce_log":5,"minecraft:dirt":35,"minecraft:arrow":2,"minecraft:bow":1,"minecraft:granite":12,"minecraft:snowball":38,"minecraft:cobblestone":90}},"DataVersion":3465}